Municipality_ID,Location_Name_En,Location_Name_Arabic ,Latitude,Longitude,Governorate,Governorate_Ar,UN_AreaOfOperation,UN_AreaOfOperation_Ar,District,District_Ar,Google_Map_link
M604,Aabba,عبا,33.36073,35.40019,El Nabatieh,النبطية,South,الجنوب,El Nabatieh,النبطية,"http://maps.google.com/maps?q=33.36073,35.40019"
M536,Aabbassiye,عباسية ,33.29851,35.28217,South,الجنوب,South,الجنوب,Sour,صور,"http://maps.google.com/maps?q=33.29851,35.28217"
M472,Aabra,عبرا ,33.56681,35.40574,South,الجنوب,South,الجنوب,Saida,صيدا,"http://maps.google.com/maps?q=33.56681,35.40574"
M694,Aadaisse,عديسة مرجعيون,33.25443,35.54156,El Nabatieh,النبطية,South,الجنوب,Marjaayoun,مرجعيون,"http://maps.google.com/maps?q=33.25443,35.54156"
M612,Aadchit ech Chqif,عدشيت الشقيف,33.34820,35.42032,El Nabatieh,النبطية,South,الجنوب,El Nabatieh,النبطية,"http://maps.google.com/maps?q=33.3482,35.42032"
M709,Aadchit el Qoussair,عدشيت القصير,33.27677,35.48004,El Nabatieh,النبطية,South,الجنوب,Marjaayoun,مرجعيون,"http://maps.google.com/maps?q=33.27677,35.48004"
M952,Aadloun,عدلون,33.40539,35.27283,South,الجنوب,South,الجنوب,Saida,صيدا,"http://maps.google.com/maps?q=33.40539,35.27283"
M491,Aaddoussiye,عدّوسية,33.47144,35.34284,South,الجنوب,South,الجنوب,Saida,صيدا,"http://maps.google.com/maps?q=33.47144,35.34284"
M542,Ain Baal,عين بعل,33.23348,35.26925,South,الجنوب,South,الجنوب,Sour,صور,"http://maps.google.com/maps?q=33.23348,35.26925"
M478,Ain Ed Delb,عين الدلب,33.54110,35.40489,South,الجنوب,South,الجنوب,Saida,صيدا,"http://maps.google.com/maps?q=33.5411,35.40489"
M647,Ain Ebel,عين ابل,33.11155,35.40084,El Nabatieh,النبطية,South,الجنوب,Bent Jbeil,بنت جبيل,"http://maps.google.com/maps?q=33.11155,35.40084"
M609,Ain Qana,عين قانا,33.47184,35.50931,El Nabatieh,النبطية,South,الجنوب,El Nabatieh,النبطية,"http://maps.google.com/maps?q=33.47184,35.50931"
M676,Ain Qenya,عين قنيا,33.39882,35.70625,El Nabatieh,النبطية,South,الجنوب,Hasbaya,حاصبيا,"http://maps.google.com/maps?q=33.39882,35.70625"
M635,Aaitaroun,عيترون,33.11564,35.46783,El Nabatieh,النبطية,South,الجنوب,Bent Jbeil,بنت جبيل,"http://maps.google.com/maps?q=33.11564,35.46783"
M656,Aayta ej Jabal Zott,عيتا الجبل الزط,33.17489,35.40655,El Nabatieh,النبطية,South,الجنوب,Bent Jbeil,بنت جبيل,"http://maps.google.com/maps?q=33.17489,35.40655"
M563,Aalma ech Chaab,علما الشعب,33.10406,35.17993,South,الجنوب,South,الجنوب,Sour,صور,"http://maps.google.com/maps?q=33.10406,35.17993"
M961,Aanqoun,عنقون,33.49898,35.42768,South,الجنوب,South,الجنوب,Saida,صيدا,"http://maps.google.com/maps?q=33.49898,35.42768"
M490,Aaqtanit,عقتنيت,33.49108,35.37901,South,الجنوب,South,الجنوب,Saida,صيدا,"http://maps.google.com/maps?q=33.49108,35.37901"
M603,Arab Salim,عرب صاليم,33.42899,35.51546,El Nabatieh,النبطية,South,الجنوب,El Nabatieh,النبطية,"http://maps.google.com/maps?q=33.42899,35.51546"
M494,Mazraat Arab Tobbaya,مزرعة عرب  طبَايا,33.48766,35.43915,South,الجنوب,South,الجنوب,Saida,صيدا,"http://maps.google.com/maps?q=33.48766,35.43915"
M502,Aaramta,عرمتى,33.46388,35.57558,South,الجنوب,South,الجنوب,Jezzine,جزين,"http://maps.google.com/maps?q=33.46388,35.57558"
M515,Aariye,عاريه,33.57047,35.59285,South,الجنوب,South,الجنوب,Jezzine,جزين,"http://maps.google.com/maps?q=33.57047,35.59285"
M503,Aaichiye,عيشية,33.40897,35.55535,South,الجنوب,South,الجنوب,Jezzine,جزين,"http://maps.google.com/maps?q=33.40897,35.55535"
M639,Aainata,عيناتا بنت جبيل,33.12892,35.43855,El Nabatieh,النبطية,South,الجنوب,Bent Jbeil,بنت جبيل,"http://maps.google.com/maps?q=33.12892,35.43855"
M640,Aita Ech Chaab,عيتا الشعب,33.09757,35.33451,El Nabatieh,النبطية,South,الجنوب,Bent Jbeil,بنت جبيل,"http://maps.google.com/maps?q=33.09757,35.33451"
M556,Aaitit,عيتيت,33.22752,35.30558,South,الجنوب,South,الجنوب,Sour,صور,"http://maps.google.com/maps?q=33.22752,35.30558"
M514,Aazour,عازور,33.56007,35.53404,South,الجنوب,South,الجنوب,Jezzine,جزين,"http://maps.google.com/maps?q=33.56007,35.53404"
M630,Aazze,عزه,33.45376,35.43010,El Nabatieh,النبطية,South,الجنوب,El Nabatieh,النبطية,"http://maps.google.com/maps?q=33.45376,35.4301"
M978,Anane,أنان,33.56604,35.50930,South,الجنوب,South,الجنوب,Jezzine,جزين,"http://maps.google.com/maps?q=33.56604,35.5093"
M596,Insar,إنصار,33.37811,35.35300,El Nabatieh,النبطية,South,الجنوب,El Nabatieh,النبطية,"http://maps.google.com/maps?q=33.37811,35.353"
M623,Aarnoun,أرنون,33.33151,35.52497,El Nabatieh,النبطية,South,الجنوب,El Nabatieh,النبطية,"http://maps.google.com/maps?q=33.33151,35.52497"
M471,Arzay,أرزي,33.33252,35.29796,South,الجنوب,South,الجنوب,Saida,صيدا,"http://maps.google.com/maps?q=33.33252,35.29796"
M589,Arzoun,ارزون,33.28287,35.37608,South,الجنوب,South,الجنوب,Sour,صور,"http://maps.google.com/maps?q=33.28287,35.37608"
M957,Babliye,بابلية,33.42130,35.34262,South,الجنوب,South,الجنوب,Saida,صيدا,"http://maps.google.com/maps?q=33.4213,35.34262"
M568,Bafliye,بافليه,33.26081,35.36602,South,الجنوب,South,الجنوب,Sour,صور,"http://maps.google.com/maps?q=33.26081,35.36602"
M706,Beni Haiyane,بني حيان,33.24419,35.48833,El Nabatieh,النبطية,South,الجنوب,Marjaayoun,مرجعيون,"http://maps.google.com/maps?q=33.24419,35.48833"
M638,Braachit,برعشيت,33.17529,35.44310,El Nabatieh,النبطية,South,الجنوب,Bent Jbeil,بنت جبيل,"http://maps.google.com/maps?q=33.17529,35.4431"
M554,Barich,باريش,33.27288,35.35186,South,الجنوب,South,الجنوب,Sour,صور,"http://maps.google.com/maps?q=33.27288,35.35186"
M571,Batouliye,باتوليه,33.22540,35.25443,South,الجنوب,South,الجنوب,Sour,صور,"http://maps.google.com/maps?q=33.2254,35.25443"
M541,Bazouriye,بازورية,33.25328,35.27046,South,الجنوب,South,الجنوب,Sour,صور,"http://maps.google.com/maps?q=33.25328,35.27046"
M579,Bedias,بدياس,33.31195,35.29921,South,الجنوب,South,الجنوب,Sour,صور,"http://maps.google.com/maps?q=33.31195,35.29921"
M651,Beit Lif,بيت ليف,33.13365,35.33185,El Nabatieh,النبطية,South,الجنوب,Bent Jbeil,بنت جبيل,"http://maps.google.com/maps?q=33.13365,35.33185"
M660,Beit Yahnoun,بيت ياحون,33.15902,35.42021,El Nabatieh,النبطية,South,الجنوب,Bent Jbeil,بنت جبيل,"http://maps.google.com/maps?q=33.15902,35.42021"
M517,Benouati,بنواتي جزين,33.57628,35.57390,South,الجنوب,South,الجنوب,Jezzine,جزين,"http://maps.google.com/maps?q=33.57628,35.5739"
M634,Bent Jubail,بنت جبيل,33.12103,35.43054,El Nabatieh,النبطية,South,الجنوب,Bent Jbeil,بنت جبيل,"http://maps.google.com/maps?q=33.12103,35.43054"
M486,Barti,برتي,33.52089,35.48336,South,الجنوب,South,الجنوب,Saida,صيدا,"http://maps.google.com/maps?q=33.52089,35.48336"
M632,Kfaroue,كفروة أو بفروة,33.44381,35.42577,El Nabatieh,النبطية,South,الجنوب,El Nabatieh,النبطية,"http://maps.google.com/maps?q=33.44381,35.42577"
M965,Bissariyeh,بيسارية,33.44501,35.32278,South,الجنوب,South,الجنوب,Saida,صيدا,"http://maps.google.com/maps?q=33.44501,35.32278"
M586,Biyad Sour,البياض صور,33.20412,35.32727,South,الجنوب,South,الجنوب,Sour,صور,"http://maps.google.com/maps?q=33.20412,35.32727"
M500,Bkassine,بكاسين,33.56817,35.57873,South,الجنوب,South,الجنوب,Jezzine,جزين,"http://maps.google.com/maps?q=33.56817,35.57873"
M699,Blat Marjaayoun,بلاط مرجعيون,33.38619,35.59968,El Nabatieh,النبطية,South,الجنوب,Marjaayoun,مرجعيون,"http://maps.google.com/maps?q=33.38619,35.59968"
M692,Blida,بليدا,33.13824,35.51604,El Nabatieh,النبطية,South,الجنوب,Marjaayoun,مرجعيون,"http://maps.google.com/maps?q=33.13824,35.51604"
M482,Bnaafoul,بنعفول,33.48206,35.42005,South,الجنوب,South,الجنوب,Saida,صيدا,"http://maps.google.com/maps?q=33.48206,35.42005"
M538,Borj ech Chmali,برج الشمالي,33.26137,35.23821,South,الجنوب,South,الجنوب,Sour,صور,"http://maps.google.com/maps?q=33.26137,35.23821"
M708,Borj El Mlouk,برج الملوك,33.32246,35.56220,El Nabatieh,النبطية,South,الجنوب,Marjaayoun,مرجعيون,"http://maps.google.com/maps?q=33.32246,35.5622"
M557,Naqoura,الناقورة,33.11824,35.13900,South,الجنوب,South,الجنوب,Sour,صور,"http://maps.google.com/maps?q=33.11824,35.139"
M666,Borj Qalaouiye,برج قلويه,33.26055,35.41798,El Nabatieh,النبطية,South,الجنوب,Bent Jbeil,بنت جبيل,"http://maps.google.com/maps?q=33.26055,35.41798"
M546,Borj Rahhal,برج رحال,33.30961,35.28157,South,الجنوب,South,الجنوب,Sour,صور,"http://maps.google.com/maps?q=33.30961,35.28157"
M575,Boustane Sour,بستان صور,33.09966,35.25455,South,الجنوب,South,الجنوب,Sour,صور,"http://maps.google.com/maps?q=33.09966,35.25455"
M493,Bqosta,بقسطا,33.57868,35.40596,South,الجنوب,South,الجنوب,Saida,صيدا,"http://maps.google.com/maps?q=33.57868,35.40596"
M626,Braiqaa,بريقع,33.34268,35.38288,El Nabatieh,النبطية,South,الجنوب,El Nabatieh,النبطية,"http://maps.google.com/maps?q=33.34268,35.38288"
M480,Bramiye,برامية,33.57180,35.38893,South,الجنوب,South,الجنوب,Saida,صيدا,"http://maps.google.com/maps?q=33.5718,35.38893"
M518,Bteddine el Loqch,بتدين اللقش,33.56914,35.55556,South,الجنوب,South,الجنوب,Jezzine,جزين,"http://maps.google.com/maps?q=33.56914,35.55556"
M558,Chaaitiyeh,شعيتية,33.19656,35.26460,South,الجنوب,South,الجنوب,Sour,صور,"http://maps.google.com/maps?q=33.19656,35.2646"
M580,Chamaa,شمع,33.14544,35.20765,South,الجنوب,South,الجنوب,Sour,صور,"http://maps.google.com/maps?q=33.14544,35.20765"
M636,Chaqra,شقرا ,33.19325,35.46816,El Nabatieh,النبطية,South,الجنوب,Bent Jbeil,بنت جبيل,"http://maps.google.com/maps?q=33.19325,35.46816"
M619,Charqiye,شرقية,33.39993,35.41919,El Nabatieh,النبطية,South,الجنوب,El Nabatieh,النبطية,"http://maps.google.com/maps?q=33.39993,35.41919"
M670,Chebaa,شبعا,33.34906,35.74869,El Nabatieh,النبطية,South,الجنوب,Hasbaya,حاصبيا,"http://maps.google.com/maps?q=33.34906,35.74869"
M537,Chehabiye,شهابية ,33.24263,35.38263,South,الجنوب,South,الجنوب,Sour,صور,"http://maps.google.com/maps?q=33.24263,35.38263"
M539,Chahour,شحور,33.29977,35.36958,South,الجنوب,South,الجنوب,Sour,صور,"http://maps.google.com/maps?q=33.29977,35.36958"
M581,Chihine,شيحين,33.12621,35.25528,South,الجنوب,South,الجنوب,Sour,صور,"http://maps.google.com/maps?q=33.12621,35.25528"
M677,Chouaia,شويّا ,33.39618,35.71388,El Nabatieh,النبطية,South,الجنوب,Hasbaya,حاصبيا,"http://maps.google.com/maps?q=33.39618,35.71388"
M629,Choukine,شوكين,33.35590,35.45966,El Nabatieh,النبطية,South,الجنوب,El Nabatieh,النبطية,"http://maps.google.com/maps?q=33.3559,35.45966"
M470,Darb es Sim,درب السيم,33.53051,35.37991,South,الجنوب,South,الجنوب,Saida,صيدا,"http://maps.google.com/maps?q=33.53051,35.37991"
M565,Debaal,دبعل,33.25074,35.34794,South,الجنوب,South,الجنوب,Sour,صور,"http://maps.google.com/maps?q=33.25074,35.34794"
M654,Debl Oummiya,دبل امية,33.11974,35.36535,El Nabatieh,النبطية,South,الجنوب,Bent Jbeil,بنت جبيل,"http://maps.google.com/maps?q=33.11974,35.36535"
M570,Deir Aamess,ديرعامص,33.20070,35.33522,South,الجنوب,South,الجنوب,Sour,صور,"http://maps.google.com/maps?q=33.2007,35.33522"
M529,Deir El Qattine,دير قطِين ,33.53066,35.53346,South,الجنوب,South,الجنوب,Jezzine,جزين,"http://maps.google.com/maps?q=33.53066,35.53346"
M607,Deir ez Zahrani,دير الزهراني,33.43277,35.45841,El Nabatieh,النبطية,South,الجنوب,El Nabatieh,النبطية,"http://maps.google.com/maps?q=33.43277,35.45841"
M562,Deir Kifa,دير كيفا,33.25842,35.39855,South,الجنوب,South,الجنوب,Sour,صور,"http://maps.google.com/maps?q=33.25842,35.39855"
M696,Deir Mimas,دير ميماس,33.30007,35.54354,El Nabatieh,النبطية,South,الجنوب,Marjaayoun,مرجعيون,"http://maps.google.com/maps?q=33.30007,35.54354"
M652,Deir Ntar,دير نطار,33.21951,35.37393,El Nabatieh,النبطية,South,الجنوب,Bent Jbeil,بنت جبيل,"http://maps.google.com/maps?q=33.21951,35.37393"
M561,Deir Qanoun,دير قانون,33.22277,35.24500,South,الجنوب,South,الجنوب,Sour,صور,"http://maps.google.com/maps?q=33.22277,35.245"
M543,Deir Qanoun en Nahr,دير قانون النهر,33.29974,35.31240,South,الجنوب,South,الجنوب,Sour,صور,"http://maps.google.com/maps?q=33.29974,35.3124"
M707,Deir Siriane,دير سريان,33.29123,35.50684,El Nabatieh,النبطية,South,الجنوب,Marjaayoun,مرجعيون,"http://maps.google.com/maps?q=33.29123,35.50684"
M979,Dellafi,دلافة,33.43263,35.64758,El Nabatieh,النبطية,South,الجنوب,Hasbaya,حاصبيا,"http://maps.google.com/maps?q=33.43263,35.64758"
M585,Derdghaiya,دردغايا,33.28069,35.36995,South,الجنوب,South,الجنوب,Sour,صور,"http://maps.google.com/maps?q=33.28069,35.36995"
M591,Dhaira,ظهيرة ,33.10106,35.22590,South,الجنوب,South,الجنوب,Sour,صور,"http://maps.google.com/maps?q=33.10106,35.2259"
M702,Dibbine,دبين,33.37038,35.59502,El Nabatieh,النبطية,South,الجنوب,Marjaayoun,مرجعيون,"http://maps.google.com/maps?q=33.37038,35.59502"
M599,Doueir El Nabatieh,الدوير النبطية,33.38809,35.42121,El Nabatieh,النبطية,South,الجنوب,El Nabatieh,النبطية,"http://maps.google.com/maps?q=33.38809,35.42121"
M479,Arkey,اركي,33.46427,35.41359,South,الجنوب,South,الجنوب,Saida,صيدا,"http://maps.google.com/maps?q=33.46427,35.41359"
M684,Fardis,الفرديس,33.37194,35.66710,El Nabatieh,النبطية,South,الجنوب,Hasbaya,حاصبيا,"http://maps.google.com/maps?q=33.37194,35.6671"
M667,Froun,فرون,33.29678,35.42774,El Nabatieh,النبطية,South,الجنوب,Bent Jbeil,بنت جبيل,"http://maps.google.com/maps?q=33.29678,35.42774"
M669,Ghandouriye Bent Jbeil,غندورية بنت جبيل,33.27204,35.43013,El Nabatieh,النبطية,South,الجنوب,Bent Jbeil,بنت جبيل,"http://maps.google.com/maps?q=33.27204,35.43013"
M473,Ghassaniye,غسانية,33.41604,35.35676,South,الجنوب,South,الجنوب,Saida,صيدا,"http://maps.google.com/maps?q=33.41604,35.35676"
M950,Ghaziye,غازية,33.51748,35.36899,South,الجنوب,South,الجنوب,Saida,صيدا,"http://maps.google.com/maps?q=33.51748,35.36899"
M597,Habbouch,حبوش ,33.40723,35.48333,El Nabatieh,النبطية,South,الجنوب,El Nabatieh,النبطية,"http://maps.google.com/maps?q=33.40723,35.48333"
M650,Haddatha,حداثا,33.16511,35.38785,El Nabatieh,النبطية,South,الجنوب,Bent Jbeil,بنت جبيل,"http://maps.google.com/maps?q=33.16511,35.38785"
M496,Hajje,حجة,33.47733,35.38008,South,الجنوب,South,الجنوب,Saida,صيدا,"http://maps.google.com/maps?q=33.47733,35.38008"
M567,Halloussiye,حلوسية,33.30786,35.32530,South,الجنوب,South,الجنوب,Sour,صور,"http://maps.google.com/maps?q=33.30786,35.3253"
M564,Hannaouiye,حناوي,33.22114,35.27657,South,الجنوب,South,الجنوب,Sour,صور,"http://maps.google.com/maps?q=33.22114,35.27657"
M661,Hanine,حنين,33.11011,35.38009,El Nabatieh,النبطية,South,الجنوب,Bent Jbeil,بنت جبيل,"http://maps.google.com/maps?q=33.11011,35.38009"
M959,Haret Saida,حارة صيدا,33.55688,35.38589,South,الجنوب,South,الجنوب,Saida,صيدا,"http://maps.google.com/maps?q=33.55688,35.38589"
M642,Hariss,حاريص,33.17467,35.37573,El Nabatieh,النبطية,South,الجنوب,Bent Jbeil,بنت جبيل,"http://maps.google.com/maps?q=33.17467,35.37573"
M598,Harouf,حروف,33.37488,35.43831,El Nabatieh,النبطية,South,الجنوب,El Nabatieh,النبطية,"http://maps.google.com/maps?q=33.37488,35.43831"
M671,Hasbaiya,حاصبيّا,33.39793,35.68422,El Nabatieh,النبطية,South,الجنوب,Hasbaya,حاصبيا,"http://maps.google.com/maps?q=33.39793,35.68422"
M516,Haitoura,حيطورة,33.51938,35.55273,South,الجنوب,South,الجنوب,Jezzine,جزين,"http://maps.google.com/maps?q=33.51938,35.55273"
M673,Hebbariye,هبّارية,33.36690,35.69674,El Nabatieh,النبطية,South,الجنوب,Hasbaya,حاصبيا,"http://maps.google.com/maps?q=33.3669,35.69674"
M588,Hanniye,حنية,33.18658,35.22189,South,الجنوب,South,الجنوب,Sour,صور,"http://maps.google.com/maps?q=33.18658,35.22189"
M474,Hlaliye Saida,هلالية صيدا,33.56658,35.39287,South,الجنوب,South,الجنوب,Saida,صيدا,"http://maps.google.com/maps?q=33.56658,35.39287"
M587,Haumeiri,حميري ,33.29506,35.35148,South,الجنوب,South,الجنوب,Sour,صور,"http://maps.google.com/maps?q=33.29506,35.35148"
M530,Homsiye,حمصية,33.54847,35.55343,South,الجنوب,South,الجنوب,Jezzine,جزين,"http://maps.google.com/maps?q=33.54847,35.55343"
M690,Houla,حولا,33.20906,35.51538,El Nabatieh,النبطية,South,الجنوب,Marjaayoun,مرجعيون,"http://maps.google.com/maps?q=33.20906,35.51538"
M614,Houmine el Faouqa,حومين الفوقا,33.44102,35.49804,El Nabatieh,النبطية,South,الجنوب,El Nabatieh,النبطية,"http://maps.google.com/maps?q=33.44102,35.49804"
M615,Houmine et Tahta,حومين التحتا,33.47670,35.43286,El Nabatieh,النبطية,South,الجنوب,El Nabatieh,النبطية,"http://maps.google.com/maps?q=33.4767,35.43286"
M698,Ibl es Saqi,إبل السقي,33.35729,35.62665,El Nabatieh,النبطية,South,الجنوب,Marjaayoun,مرجعيون,"http://maps.google.com/maps?q=33.35729,35.62665"
M966,Insariye,إنصارية,33.41340,35.27714,South,الجنوب,South,الجنوب,Saida,صيدا,"http://maps.google.com/maps?q=33.4134,35.27714"
M616,Jarjouaa,جرجوع,33.44617,35.51801,El Nabatieh,النبطية,South,الجنوب,El Nabatieh,النبطية,"http://maps.google.com/maps?q=33.44617,35.51801"
M512,Jarmaq,الجرمق,33.38547,35.53401,South,الجنوب,South,الجنوب,Jezzine,جزين,"http://maps.google.com/maps?q=33.38547,35.53401"
M601,Jbaa El Nabatieh,جباع النبطية,33.48626,35.51668,El Nabatieh,النبطية,South,الجنوب,El Nabatieh,النبطية,"http://maps.google.com/maps?q=33.48626,35.51668"
M578,Jbal el Botm,جبال البطم,33.17651,35.29057,South,الجنوب,South,الجنوب,Sour,صور,"http://maps.google.com/maps?q=33.17651,35.29057"
M592,Jannata,جناتا,33.28583,35.31875,South,الجنوب,South,الجنوب,Sour,صور,"http://maps.google.com/maps?q=33.28583,35.31875"
M506,Jernaya,جرنايا,33.48810,35.47201,South,الجنوب,South,الجنوب,Jezzine,جزين,"http://maps.google.com/maps?q=33.4881,35.47201"
M497,Jezzine,جزين,33.54232,35.58597,South,الجنوب,South,الجنوب,Jezzine,جزين,"http://maps.google.com/maps?q=33.54232,35.58597"
M574,Jebbain,جبين,33.12284,35.23428,South,الجنوب,South,الجنوب,Sour,صور,"http://maps.google.com/maps?q=33.12284,35.23428"
M595,Jibchit,جبشيت,33.36340,35.43193,El Nabatieh,النبطية,South,الجنوب,El Nabatieh,النبطية,"http://maps.google.com/maps?q=33.3634,35.43193"
M663,Jmaijime,جميجمة,33.20626,35.43998,El Nabatieh,النبطية,South,الجنوب,Bent Jbeil,بنت جبيل,"http://maps.google.com/maps?q=33.20626,35.43998"
M533,Jouaiya,جويا,33.23694,35.33533,South,الجنوب,South,الجنوب,Sour,صور,"http://maps.google.com/maps?q=33.23694,35.33533"
M645,Kafra Bent Jbeil,كفرا بنت جبيل,33.17602,35.35073,El Nabatieh,النبطية,South,الجنوب,Bent Jbeil,بنت جبيل,"http://maps.google.com/maps?q=33.17602,35.35073"
M678,Kaoukaba Hasbaya,كوكبا حاصبيّا,33.39898,35.64383,El Nabatieh,النبطية,South,الجنوب,Hasbaya,حاصبيا,"http://maps.google.com/maps?q=33.39898,35.64383"
M967,Kaouthariyet es Siyad,كوثرية السياد,33.41492,35.38574,South,الجنوب,South,الجنوب,Saida,صيدا,"http://maps.google.com/maps?q=33.41492,35.38574"
M524,Karkha,كرخا,33.56329,35.44524,South,الجنوب,South,الجنوب,Jezzine,جزين,"http://maps.google.com/maps?q=33.56329,35.44524"
M495,Kfar Beit,كفربيت,33.49573,35.46033,South,الجنوب,South,الجنوب,Saida,صيدا,"http://maps.google.com/maps?q=33.49573,35.46033"
M982,Kfar Chellal,كفر شلال,33.49264,35.46733,South,الجنوب,South,الجنوب,Saida,صيدا,"http://maps.google.com/maps?q=33.49264,35.46733"
M672,Kfar Chouba,كفر شوبا,33.32802,35.69133,El Nabatieh,النبطية,South,الجنوب,Hasbaya,حاصبيا,"http://maps.google.com/maps?q=33.32802,35.69133"
M653,Kfar Dounine,كفر دونين,33.24044,35.39613,El Nabatieh,النبطية,South,الجنوب,Bent Jbeil,بنت جبيل,"http://maps.google.com/maps?q=33.24044,35.39613"
M525,Kfar Falous,كفرفالوس,33.54341,35.47496,South,الجنوب,South,الجنوب,Jezzine,جزين,"http://maps.google.com/maps?q=33.54341,35.47496"
M681,Kfar Hamam,كفرحمام,33.34321,35.67746,El Nabatieh,النبطية,South,الجنوب,Hasbaya,حاصبيا,"http://maps.google.com/maps?q=33.34321,35.67746"
M964,Kfar Hatta,كفرحتى,33.50685,35.44883,South,الجنوب,South,الجنوب,Saida,صيدا,"http://maps.google.com/maps?q=33.50685,35.44883"
M498,Kfar Houne,كفرحون,33.49241,35.58885,South,الجنوب,South,الجنوب,Jezzine,جزين,"http://maps.google.com/maps?q=33.49241,35.58885"
M528,Kfar Jarra,كفرجرا,33.54610,35.43003,South,الجنوب,South,الجنوب,Jezzine,جزين,"http://maps.google.com/maps?q=33.5461,35.43003"
M691,Kfar Kila,كفركيلا,33.27818,35.55141,El Nabatieh,النبطية,South,الجنوب,Marjaayoun,مرجعيون,"http://maps.google.com/maps?q=33.27818,35.55141"
M963,Kfar Melki Saida,كفرملكي صيدا,33.50151,35.47911,South,الجنوب,South,الجنوب,Saida,صيدا,"http://maps.google.com/maps?q=33.50151,35.47911"
M600,Kfar Roummane,كفر رمان,33.38864,35.50153,El Nabatieh,النبطية,South,الجنوب,El Nabatieh,النبطية,"http://maps.google.com/maps?q=33.38864,35.50153"
M605,Kfar Sir,كفرصير,33.32497,35.39985,El Nabatieh,النبطية,South,الجنوب,El Nabatieh,النبطية,"http://maps.google.com/maps?q=33.32497,35.39985"
M602,Kfar Tebnit,كفر تبنيت,33.35371,35.51255,El Nabatieh,النبطية,South,الجنوب,El Nabatieh,النبطية,"http://maps.google.com/maps?q=33.35371,35.51255"
M627,Kfar Fila,كفرفيلا,33.48189,35.49925,El Nabatieh,النبطية,South,الجنوب,El Nabatieh,النبطية,"http://maps.google.com/maps?q=33.48189,35.49925"
M674,Kfair,كفير الزيت,33.43003,35.73874,El Nabatieh,النبطية,South,الجنوب,Hasbaya,حاصبيا,"http://maps.google.com/maps?q=33.43003,35.73874"
M617,Kfour El Nabatieh,الكفور النبطية,33.40029,35.45294,El Nabatieh,النبطية,South,الجنوب,El Nabatieh,النبطية,"http://maps.google.com/maps?q=33.40029,35.45294"
M680,Khalouat Hasbaya,خلوات حاصبيّا,33.41770,35.73770,El Nabatieh,النبطية,South,الجنوب,Hasbaya,حاصبيا,"http://maps.google.com/maps?q=33.4177,35.7377"
M481,Khartoum,خرطوم,33.40575,35.36997,South,الجنوب,South,الجنوب,Saida,صيدا,"http://maps.google.com/maps?q=33.40575,35.36997"
M955,Kharayeb Saida,الخرائب صيدا,33.34333,35.29855,South,الجنوب,South,الجنوب,Saida,صيدا,"http://maps.google.com/maps?q=33.34333,35.29855"
M643,Khirbit Silim,خربة سلم,33.23020,35.42459,El Nabatieh,النبطية,South,الجنوب,Bent Jbeil,بنت جبيل,"http://maps.google.com/maps?q=33.2302,35.42459"
M685,Khiam,الخيام,33.32943,35.61393,El Nabatieh,النبطية,South,الجنوب,Marjaayoun,مرجعيون,"http://maps.google.com/maps?q=33.32943,35.61393"
M590,Knisse Sour,كنيسة صور,33.20562,35.26128,South,الجنوب,South,الجنوب,Sour,صور,"http://maps.google.com/maps?q=33.20562,35.26128"
M646,Kounine,كونين,33.14892,35.43710,El Nabatieh,النبطية,South,الجنوب,Bent Jbeil,بنت جبيل,"http://maps.google.com/maps?q=33.14892,35.4371"
M508,Lebaa,لبعا,33.54829,35.45340,South,الجنوب,South,الجنوب,Jezzine,جزين,"http://maps.google.com/maps?q=33.54829,35.4534"
M507,Louaiziye,لويزة جزين,33.46053,35.53470,South,الجنوب,South,الجنوب,Jezzine,جزين,"http://maps.google.com/maps?q=33.46053,35.5347"
M487,Loubiye,لوبية,33.42750,35.28796,South,الجنوب,South,الجنوب,Saida,صيدا,"http://maps.google.com/maps?q=33.4275,35.28796"
M483,Maamriye,معمارية,33.49209,35.37017,South,الجنوب,South,الجنوب,Saida,صيدا,"http://maps.google.com/maps?q=33.49209,35.37017"
M535,Maarake,معركة,33.27265,35.30809,South,الجنوب,South,الجنوب,Sour,صور,"http://maps.google.com/maps?q=33.27265,35.30809"
M551,Maaroub,معروب,33.28570,35.34652,South,الجنوب,South,الجنوب,Sour,صور,"http://maps.google.com/maps?q=33.2857,35.34652"
M526,Machmouche,مشموشة,33.57897,35.56875,South,الجنوب,South,الجنوب,Jezzine,جزين,"http://maps.google.com/maps?q=33.57897,35.56875"
M956,Maghdouche,مغدوشة,33.52262,35.38545,South,الجنوب,South,الجنوب,Saida,صيدا,"http://maps.google.com/maps?q=33.52262,35.38545"
M549,Mjadel,المجادل,33.22946,35.35923,South,الجنوب,South,الجنوب,Sour,صور,"http://maps.google.com/maps?q=33.22946,35.35923"
M693,Majdel Silim,مجدل سلم,33.22169,35.46359,El Nabatieh,النبطية,South,الجنوب,Marjaayoun,مرجعيون,"http://maps.google.com/maps?q=33.22169,35.46359"
M485,Majdelyoun,مجدليون,33.55977,35.41094,South,الجنوب,South,الجنوب,Saida,صيدا,"http://maps.google.com/maps?q=33.55977,35.41094"
M550,Majdel Zoun,مجدل زون,33.15119,35.22618,South,الجنوب,South,الجنوب,Sour,صور,"http://maps.google.com/maps?q=33.15119,35.22618"
M520,Maknouniye,مكنونية ,33.52972,35.54709,South,الجنوب,South,الجنوب,Jezzine,جزين,"http://maps.google.com/maps?q=33.52972,35.54709"
M559,Mansouri,المنصوري,33.17841,35.20549,South,الجنوب,South,الجنوب,Sour,صور,"http://maps.google.com/maps?q=33.17841,35.20549"
M683,Marj Ez Zouhour Dnaibe,مرج الزهور الدنيبة,33.46544,35.74436,El Nabatieh,النبطية,South,الجنوب,Hasbaya,حاصبيا,"http://maps.google.com/maps?q=33.46544,35.74436"
M689,Marjaayoun,مرجعيون,33.36416,35.58623,El Nabatieh,النبطية,South,الجنوب,Marjaayoun,مرجعيون,"http://maps.google.com/maps?q=33.36416,35.58623"
M688,Markaba,مركبا,33.23341,35.51590,El Nabatieh,النبطية,South,الجنوب,Marjaayoun,مرجعيون,"http://maps.google.com/maps?q=33.23341,35.5159"
M644,Maroun er Ras,مارون الراس,33.10753,35.44417,El Nabatieh,النبطية,South,الجنوب,Bent Jbeil,بنت جبيل,"http://maps.google.com/maps?q=33.10753,35.44417"
M611,Maifadoun,ميفدون,33.34740,35.47538,El Nabatieh,النبطية,South,الجنوب,El Nabatieh,النبطية,"http://maps.google.com/maps?q=33.3474,35.47538"
M577,Mahrouneh,محرونه,33.21874,35.34174,South,الجنوب,South,الجنوب,Sour,صور,"http://maps.google.com/maps?q=33.21874,35.34174"
M583,Mazraat Mechref,مزرعة المشرف,33.20886,35.33398,South,الجنوب,South,الجنوب,Sour,صور,"http://maps.google.com/maps?q=33.20886,35.33398"
M631,Mazraat Sinai,مزرعة سيناي,33.38760,35.36030,South,الجنوب,South,الجنوب,Saida,صيدا,"http://maps.google.com/maps?q=33.3876,35.3603"
M679,Mimes,ميمس,33.41977,35.71355,El Nabatieh,النبطية,South,الجنوب,Hasbaya,حاصبيا,"http://maps.google.com/maps?q=33.41977,35.71355"
M686,Meiss ej Jabal,ميس الجبل,33.16916,35.52030,El Nabatieh,النبطية,South,الجنوب,Marjaayoun,مرجعيون,"http://maps.google.com/maps?q=33.16916,35.5203"
M682,Mari,ماري,33.32214,35.64145,El Nabatieh,النبطية,South,الجنوب,Hasbaya,حاصبيا,"http://maps.google.com/maps?q=33.32214,35.64145"
M576,Marouahine,مروحين,33.10942,35.27376,South,الجنوب,South,الجنوب,Sour,صور,"http://maps.google.com/maps?q=33.10942,35.27376"
M960,Merouaniye,مروانية,33.44629,35.38327,South,الجنوب,South,الجنوب,Saida,صيدا,"http://maps.google.com/maps?q=33.44629,35.38327"
M553,Mheilib,محيليب,33.30900,35.23960,South,الجنوب,South,الجنوب,Sour,صور,"http://maps.google.com/maps?q=33.309,35.2396"
M510,Midane,ميدان ,33.58033,35.56273,South,الجنوب,South,الجنوب,Jezzine,جزين,"http://maps.google.com/maps?q=33.58033,35.56273"
M962,Miyeh ou Miyeh,مية ومية,33.54298,35.39659,South,الجنوب,South,الجنوب,Saida,صيدا,"http://maps.google.com/maps?q=33.54298,35.39659"
M519,Mjaydel,مجيدل,33.51709,35.44004,South,الجنوب,South,الجنوب,Jezzine,جزين,"http://maps.google.com/maps?q=33.51709,35.44004"
M504,Mlikh,مليخ,33.46897,35.55521,South,الجنوب,South,الجنوب,Jezzine,جزين,"http://maps.google.com/maps?q=33.46897,35.55521"
M593,Nabatiye el Tahta,نبطية التحتا,33.37696,35.48455,El Nabatieh,النبطية,South,الجنوب,El Nabatieh,النبطية,"http://maps.google.com/maps?q=33.37696,35.48455"
M594,Nabatiye el Faouqa,نبطية الفوقا,33.36394,35.49064,El Nabatieh,النبطية,South,الجنوب,El Nabatieh,النبطية,"http://maps.google.com/maps?q=33.36394,35.49064"
M477,Najjaryie,نجارية,33.47119,35.34979,South,الجنوب,South,الجنوب,Saida,صيدا,"http://maps.google.com/maps?q=33.47119,35.34979"
M983,Naffakhiye,نفاخية,33.27094,35.38423,South,الجنوب,South,الجنوب,Sour,صور,"http://maps.google.com/maps?q=33.27094,35.38423"
M606,Nmairiye,نميرية,33.42300,35.39801,El Nabatieh,النبطية,South,الجنوب,El Nabatieh,النبطية,"http://maps.google.com/maps?q=33.423,35.39801"
M608,Qaaqaait ej Jisr,قعقعية الجسر,33.32454,35.42355,El Nabatieh,النبطية,South,الجنوب,El Nabatieh,النبطية,"http://maps.google.com/maps?q=33.32454,35.42355"
M484,Qaaqaaii es Snoubar,قعقعية الصنوبر,33.43164,35.34390,South,الجنوب,South,الجنوب,Saida,صيدا,"http://maps.google.com/maps?q=33.43164,35.3439"
M697,Qabrikha,قبريخا,33.24737,35.46311,El Nabatieh,النبطية,South,الجنوب,Marjaayoun,مرجعيون,"http://maps.google.com/maps?q=33.24737,35.46311"
M662,Qalaouiye,قلويه,33.25519,35.41665,El Nabatieh,النبطية,South,الجنوب,Bent Jbeil,بنت جبيل,"http://maps.google.com/maps?q=33.25519,35.41665"
M534,Qana,قانا,33.20829,35.29933,South,الجنوب,South,الجنوب,Sour,صور,"http://maps.google.com/maps?q=33.20829,35.29933"
M701,Qantara,قنطرة,33.27356,35.46275,El Nabatieh,النبطية,South,الجنوب,Marjaayoun,مرجعيون,"http://maps.google.com/maps?q=33.27356,35.46275"
M668,Qaouzah,قوزح,33.12107,35.33693,El Nabatieh,النبطية,South,الجنوب,Bent Jbeil,بنت جبيل,"http://maps.google.com/maps?q=33.12107,35.33693"
M501,Qaitoule,قيتولي,33.53736,35.54961,South,الجنوب,South,الجنوب,Jezzine,جزين,"http://maps.google.com/maps?q=33.53736,35.54961"
M476,Qennarit,قناريت,33.50281,35.38036,South,الجنوب,South,الجنوب,Saida,صيدا,"http://maps.google.com/maps?q=33.50281,35.38036"
M695,Qlaiaa,قليعة,33.32719,35.56457,El Nabatieh,النبطية,South,الجنوب,Marjaayoun,مرجعيون,"http://maps.google.com/maps?q=33.32719,35.56457"
M545,El Kleile,قليلة,33.19794,35.22823,South,الجنوب,South,الجنوب,Sour,صور,"http://maps.google.com/maps?q=33.19794,35.22823"
M475,Qraiye Saida,قرية صيدا,33.53858,35.41627,South,الجنوب,South,الجنوب,Saida,صيدا,"http://maps.google.com/maps?q=33.53858,35.41627"
M610,Qsaibe El Nabatieh,قصيبة النبطية,33.33156,35.39672,El Nabatieh,النبطية,South,الجنوب,El Nabatieh,النبطية,"http://maps.google.com/maps?q=33.33156,35.39672"
M700,Rabb et Talatine,رب التلاتين,33.24876,35.51728,El Nabatieh,النبطية,South,الجنوب,Marjaayoun,مرجعيون,"http://maps.google.com/maps?q=33.24876,35.51728"
M657,Rachaf,رشاف,33.14296,35.36161,El Nabatieh,النبطية,South,الجنوب,Bent Jbeil,بنت جبيل,"http://maps.google.com/maps?q=33.14296,35.36161"
M675,Rachaiya el Foukhar,راشيّا الفخار,33.35402,35.66650,El Nabatieh,النبطية,South,الجنوب,Hasbaya,حاصبيا,"http://maps.google.com/maps?q=33.35402,35.6665"
M658,Ramiye,رامية بنت جبيل,33.11044,35.30931,El Nabatieh,النبطية,South,الجنوب,Bent Jbeil,بنت جبيل,"http://maps.google.com/maps?q=33.11044,35.30931"
M584,Rechkananey,رشكنانيه,33.19017,35.32291,South,الجنوب,South,الجنوب,Sour,صور,"http://maps.google.com/maps?q=33.19017,35.32291"
M499,Rihane Jezzine,ريحانة جزين,33.44440,35.56669,South,الجنوب,South,الجنوب,Jezzine,جزين,"http://maps.google.com/maps?q=33.4444,35.56669"
M531,Raimat,ريمات,33.52861,35.50866,South,الجنوب,South,الجنوب,Jezzine,جزين,"http://maps.google.com/maps?q=33.52861,35.50866"
M572,Rmadiyeh,رمادية,33.19863,35.27513,South,الجنوب,South,الجنوب,Sour,صور,"http://maps.google.com/maps?q=33.19863,35.27513"
M641,Rmaich,رميش,33.07935,35.36801,El Nabatieh,النبطية,South,الجنوب,Bent Jbeil,بنت جبيل,"http://maps.google.com/maps?q=33.07935,35.36801"
M505,Roum,روم,33.54980,35.52660,South,الجنوب,South,الجنوب,Jezzine,جزين,"http://maps.google.com/maps?q=33.5498,35.5266"
M628,Roumine,رومين,33.46330,35.44071,El Nabatieh,النبطية,South,الجنوب,El Nabatieh,النبطية,"http://maps.google.com/maps?q=33.4633,35.44071"
M523,Sabah,صّباح,33.56841,35.56430,South,الجنوب,South,الجنوب,Jezzine,جزين,"http://maps.google.com/maps?q=33.56841,35.5643"
M548,Siddiqine,صديقين,33.18981,35.30925,South,الجنوب,South,الجنوب,Sour,صور,"http://maps.google.com/maps?q=33.18981,35.30925"
M664,Safad el Battikh,صفد البطيخ,33.20011,35.43179,El Nabatieh,النبطية,South,الجنوب,Bent Jbeil,بنت جبيل,"http://maps.google.com/maps?q=33.20011,35.43179"
M949,Saida Ed Dekermane,صيدا الدكرمان,33.55354,35.36488,South,الجنوب,South,الجنوب,Saida,صيدا,"http://maps.google.com/maps?q=33.55354,35.36488"
M954,Saksakiye,سكسكية,33.43574,35.28273,South,الجنوب,South,الجنوب,Saida,صيدا,"http://maps.google.com/maps?q=33.43574,35.28273"
M710,Slaiyeb,صلايب,33.29233,35.63096,El Nabatieh,النبطية,South,الجنوب,Hasbaya,حاصبيا,"http://maps.google.com/maps?q=33.29233,35.63096"
M488,Salhiye,صالحية,33.55986,35.42295,South,الجنوب,South,الجنوب,Saida,صيدا,"http://maps.google.com/maps?q=33.55986,35.42295"
M527,Sniye,سنيَا,33.51791,35.52745,South,الجنوب,South,الجنوب,Jezzine,جزين,"http://maps.google.com/maps?q=33.51791,35.52745"
M705,Souane Marjaayoun,صوانة مرجعيون,33.23396,35.43673,El Nabatieh,النبطية,South,الجنوب,Marjaayoun,مرجعيون,"http://maps.google.com/maps?q=33.23396,35.43673"
M951,Sarafand,صرفند,33.44983,35.29486,South,الجنوب,South,الجنوب,Saida,صيدا,"http://maps.google.com/maps?q=33.44983,35.29486"
M625,Sarba El Nabatieh,صربا النبطية,33.46696,35.47499,El Nabatieh,النبطية,South,الجنوب,El Nabatieh,النبطية,"http://maps.google.com/maps?q=33.46696,35.47499"
M521,Sidoun,صيدون,33.52107,35.51119,South,الجنوب,South,الجنوب,Jezzine,جزين,"http://maps.google.com/maps?q=33.52107,35.51119"
M511,Sejoud,سجد,33.43408,35.53283,South,الجنوب,South,الجنوب,Jezzine,جزين,"http://maps.google.com/maps?q=33.43408,35.53283"
M569,Salaa,سلعا ,33.25404,35.37963,South,الجنوب,South,الجنوب,Sour,صور,"http://maps.google.com/maps?q=33.25404,35.37963"
M509,Sfarai,صفاريه,33.55451,35.49307,South,الجنوب,South,الجنوب,Jezzine,جزين,"http://maps.google.com/maps?q=33.55451,35.49307"
M613,Sir el Gharbiye,صير الغربية,33.32005,35.36321,El Nabatieh,النبطية,South,الجنوب,El Nabatieh,النبطية,"http://maps.google.com/maps?q=33.32005,35.36321"
M659,Soultaniye,سلطانية ,33.20481,35.40445,El Nabatieh,النبطية,South,الجنوب,Bent Jbeil,بنت جبيل,"http://maps.google.com/maps?q=33.20481,35.40445"
M532,Sour,صور,33.27412,35.19252,South,الجنوب,South,الجنوب,Sour,صور,"http://maps.google.com/maps?q=33.27412,35.19252"
M540,Srifa,صريفا,33.28166,35.39624,South,الجنوب,South,الجنوب,Sour,صور,"http://maps.google.com/maps?q=33.28166,35.39624"
M665,Sribbine,صربين,33.15369,35.35788,El Nabatieh,النبطية,South,الجنوب,Bent Jbeil,بنت جبيل,"http://maps.google.com/maps?q=33.15369,35.35788"
M704,Tallouse,طلوسة,33.23625,35.48417,El Nabatieh,النبطية,South,الجنوب,Marjaayoun,مرجعيون,"http://maps.google.com/maps?q=33.23625,35.48417"
M489,Tanbourit,طنبوريت,33.51596,35.41220,South,الجنوب,South,الجنوب,Saida,صيدا,"http://maps.google.com/maps?q=33.51596,35.4122"
M687,Taibe Marjaayoun,طيبة مرجعيون,33.27627,35.51966,El Nabatieh,النبطية,South,الجنوب,Marjaayoun,مرجعيون,"http://maps.google.com/maps?q=33.27627,35.51966"
M544,Tair Debba,طير دبّه,33.27406,35.27761,South,الجنوب,South,الجنوب,Sour,صور,"http://maps.google.com/maps?q=33.27406,35.27761"
M552,Tair Filsay,طير فلسيه,33.30896,35.34698,South,الجنوب,South,الجنوب,Sour,صور,"http://maps.google.com/maps?q=33.30896,35.34698"
M566,Tair Harfa,طير حرفا,33.12696,35.21820,South,الجنوب,South,الجنوب,Sour,صور,"http://maps.google.com/maps?q=33.12696,35.2182"
M958,Toufahta,تفاحتا,33.43755,35.37121,South,الجنوب,South,الجنوب,Saida,صيدا,"http://maps.google.com/maps?q=33.43755,35.37121"
M637,Tebnine,تبنين,33.19398,35.40878,El Nabatieh,النبطية,South,الجنوب,Bent Jbeil,بنت جبيل,"http://maps.google.com/maps?q=33.19398,35.40878"
M655,Taire,طيري,33.13925,35.39971,El Nabatieh,النبطية,South,الجنوب,Bent Jbeil,بنت جبيل,"http://maps.google.com/maps?q=33.13925,35.39971"
M633,Toul,تول,33.38783,35.44768,El Nabatieh,النبطية,South,الجنوب,El Nabatieh,النبطية,"http://maps.google.com/maps?q=33.38783,35.44768"
M703,Touline,تولين,33.24913,35.43823,El Nabatieh,النبطية,South,الجنوب,Marjaayoun,مرجعيون,"http://maps.google.com/maps?q=33.24913,35.43823"
M547,Toura,طورا,33.29357,35.29673,South,الجنوب,South,الجنوب,Sour,صور,"http://maps.google.com/maps?q=33.29357,35.29673"
M513,Wadi Jezzine,وادي جزين,33.55079,35.57926,South,الجنوب,South,الجنوب,Jezzine,جزين,"http://maps.google.com/maps?q=33.55079,35.57926"
M582,Ynouh,يانوح صور,33.26019,35.30292,South,الجنوب,South,الجنوب,Sour,صور,"http://maps.google.com/maps?q=33.26019,35.30292"
M560,Yarine,يارين,33.10639,35.23134,South,الجنوب,South,الجنوب,Sour,صور,"http://maps.google.com/maps?q=33.10639,35.23134"
M648,Yaroun,يارون,33.08004,35.42262,El Nabatieh,النبطية,South,الجنوب,Bent Jbeil,بنت جبيل,"http://maps.google.com/maps?q=33.08004,35.42262"
M649,Yater,ياطر,33.15369,35.32802,El Nabatieh,النبطية,South,الجنوب,Bent Jbeil,بنت جبيل,"http://maps.google.com/maps?q=33.15369,35.32802"
M622,Yohmor,يحمر,33.30973,35.51552,El Nabatieh,النبطية,South,الجنوب,El Nabatieh,النبطية,"http://maps.google.com/maps?q=33.30973,35.51552"
M620,Zaoutar ech Charqiye,زوطر الشرقية,33.31974,35.47104,El Nabatieh,النبطية,South,الجنوب,El Nabatieh,النبطية,"http://maps.google.com/maps?q=33.31974,35.47104"
M621,Zaoutar el Gharbiye,زوطر الغربية,33.32177,35.46184,El Nabatieh,النبطية,South,الجنوب,El Nabatieh,النبطية,"http://maps.google.com/maps?q=33.32177,35.46184"
M573,Zabqine,زبقين,33.16523,35.26686,South,الجنوب,South,الجنوب,Sour,صور,"http://maps.google.com/maps?q=33.16523,35.26686"
M618,Zefta,زفتا,33.44423,35.39380,El Nabatieh,النبطية,South,الجنوب,El Nabatieh,النبطية,"http://maps.google.com/maps?q=33.44423,35.3938"
M492,Zaita,زيتا,33.50160,35.39979,South,الجنوب,South,الجنوب,Saida,صيدا,"http://maps.google.com/maps?q=33.5016,35.39979"
M522,Zhalta,زحلتا,33.51193,35.54725,South,الجنوب,South,الجنوب,Jezzine,جزين,"http://maps.google.com/maps?q=33.51193,35.54725"
M624,Zebdine El Nabatieh,زبدين النبطية,33.37368,35.46282,El Nabatieh,النبطية,South,الجنوب,El Nabatieh,النبطية,"http://maps.google.com/maps?q=33.37368,35.46282"
M953,Zrariye,زرارية,33.34208,35.33175,South,الجنوب,South,الجنوب,Saida,صيدا,"http://maps.google.com/maps?q=33.34208,35.33175"
